,MaxAbsEStateIndex,MaxEStateIndex,MinAbsEStateIndex,MinEStateIndex,BCUT2D_MWHI,BCUT2D_MWLOW,BCUT2D_CHGHI,BCUT2D_CHGLO,BCUT2D_LOGPHI,BCUT2D_LOGPLOW,BCUT2D_MRHI,BCUT2D_MRLOW,Chi0,Chi0n,Chi0v,Chi1,Chi1n,Chi1v,Chi2n,Chi2v,Chi3n,Chi3v,Chi4n,Chi4v,Kappa1,Kappa2,Kappa3,PEOE_VSA1,PEOE_VSA10,PEOE_VSA11,PEOE_VSA12,PEOE_VSA14,PEOE_VSA2,PEOE_VSA3,PEOE_VSA4,PEOE_VSA6,PEOE_VSA7,PEOE_VSA8,PEOE_VSA9,SMR_VSA1,SMR_VSA10,SMR_VSA3,SMR_VSA4,SMR_VSA5,SMR_VSA6,SMR_VSA7,SlogP_VSA1,SlogP_VSA10,SlogP_VSA12,SlogP_VSA2,SlogP_VSA3,SlogP_VSA4,SlogP_VSA5,SlogP_VSA6,SlogP_VSA8,EState_VSA1,EState_VSA10,EState_VSA2,EState_VSA3,EState_VSA4,EState_VSA5,EState_VSA6,EState_VSA7,EState_VSA8,EState_VSA9,VSA_EState1,VSA_EState2,VSA_EState3,VSA_EState4,VSA_EState5,VSA_EState6,VSA_EState7,VSA_EState8,VSA_EState9,MolWt,HeavyAtomMolWt,ExactMolWt,MaxPartialCharge,MinPartialCharge,MaxAbsPartialCharge,MinAbsPartialCharge,FpDensityMorgan1,FpDensityMorgan2,FpDensityMorgan3,NumValenceElectrons,HeavyAtomCount,NHOHCount,NOCount,NumAliphaticHeterocycles,NumAliphaticRings,NumAromaticHeterocycles,NumAromaticRings,NumHAcceptors,NumHDonors,NumHeteroatoms,NumRotatableBonds,NumSaturatedHeterocycles,NumSaturatedRings,RingCount,fr_Ar_N,fr_NH0,fr_alkyl_halide,fr_aryl_methyl,fr_ether,fr_halogen,fr_imidazole,fr_quatN,fr_sulfonamd,fr_unbrch_alkane
EState_Indexes_PC1,-0.5917984077241067,-0.5917984077241087,-0.08504364517566376,0.5406633588894821,,,,,,,,,,,,,,,,,,,,,,,,,,,,,,,,,,,,,,,,,,,,,,,,,,,,,,,,,,,,,,,,,,,,,,,,,,,,,,,,,,,,,,,,,,,,,,,,,,,,,,,,,
EState_Indexes_PC2,-0.11697198228924345,-0.11697198228924383,0.980957656995312,-0.1017702603952517,,,,,,,,,,,,,,,,,,,,,,,,,,,,,,,,,,,,,,,,,,,,,,,,,,,,,,,,,,,,,,,,,,,,,,,,,,,,,,,,,,,,,,,,,,,,,,,,,,,,,,,,,
EState_Indexes_PC3,-0.36890676325398936,-0.36890676325399085,-0.17461286778901317,-0.8350604447903311,,,,,,,,,,,,,,,,,,,,,,,,,,,,,,,,,,,,,,,,,,,,,,,,,,,,,,,,,,,,,,,,,,,,,,,,,,,,,,,,,,,,,,,,,,,,,,,,,,,,,,,,,
BCUT2D_PC1,,,,,-0.18789433645664627,0.19457975785763904,-0.5001830234130689,0.47807517840905633,-0.5118145357008553,-0.10028260617756096,-0.4153239892079205,-0.059923008686666585,,,,,,,,,,,,,,,,,,,,,,,,,,,,,,,,,,,,,,,,,,,,,,,,,,,,,,,,,,,,,,,,,,,,,,,,,,,,,,,,,,,,,,,,,,,,,,,,,
BCUT2D_PC2,,,,,-0.09756647773548983,0.3201182939064825,-0.09350088204514352,0.21903406603677006,0.09699962717762857,0.6411265819792479,0.1964827429163014,0.6101057557866243,,,,,,,,,,,,,,,,,,,,,,,,,,,,,,,,,,,,,,,,,,,,,,,,,,,,,,,,,,,,,,,,,,,,,,,,,,,,,,,,,,,,,,,,,,,,,,,,,
BCUT2D_PC3,,,,,0.7355096491213189,0.5469710631889084,-0.07012313166924716,0.0709261547548633,-0.07310137280066203,-0.28907365900530024,0.24502667262152394,0.03090271392593407,,,,,,,,,,,,,,,,,,,,,,,,,,,,,,,,,,,,,,,,,,,,,,,,,,,,,,,,,,,,,,,,,,,,,,,,,,,,,,,,,,,,,,,,,,,,,,,,,
BCUT2D_PC4,,,,,0.3165247605313565,-0.4778391712189306,-0.09772001160082551,0.09914827217839578,0.14539877870077406,-0.302243503991691,-0.33572010944374453,0.6533776009616293,,,,,,,,,,,,,,,,,,,,,,,,,,,,,,,,,,,,,,,,,,,,,,,,,,,,,,,,,,,,,,,,,,,,,,,,,,,,,,,,,,,,,,,,,,,,,,,,,
BCUT2D_PC5,,,,,0.46678528114695644,-0.5237756461356773,-0.24725929524298046,0.21813600282535395,-0.14717132387119994,0.4849457596634034,0.2024809543912658,-0.3181505519880767,,,,,,,,,,,,,,,,,,,,,,,,,,,,,,,,,,,,,,,,,,,,,,,,,,,,,,,,,,,,,,,,,,,,,,,,,,,,,,,,,,,,,,,,,,,,,,,,,
BCUT2D_PC6,,,,,0.2854787166284244,0.2240529278712473,0.25450891067985587,-0.01883709376936043,0.2720526908299676,0.361523645424588,-0.7447038387269487,-0.20946776826954716,,,,,,,,,,,,,,,,,,,,,,,,,,,,,,,,,,,,,,,,,,,,,,,,,,,,,,,,,,,,,,,,,,,,,,,,,,,,,,,,,,,,,,,,,,,,,,,,,
Chi_PC1,,,,,,,,,,,,,0.2735472015196124,0.2982189841647258,0.2987032262517795,0.2880946115529494,0.2950994256923186,0.2961205838573166,0.29569919703796604,0.27777538725130146,0.2902966560247697,0.2864593409721918,0.28043760505940907,0.2822598775334451,,,,,,,,,,,,,,,,,,,,,,,,,,,,,,,,,,,,,,,,,,,,,,,,,,,,,,,,,,,,,,,,,,,,,,,,,,,,,,,,,,,,,
Chi_PC2,,,,,,,,,,,,,0.5836646445232153,0.07662203999093758,0.17031606186454434,0.35769991670461715,-0.16775035400200075,0.10206473582109142,-0.13611024662382262,0.15831683454189105,-0.32024697172699146,-0.054077076291326694,-0.4858315440373718,-0.2698990574604265,,,,,,,,,,,,,,,,,,,,,,,,,,,,,,,,,,,,,,,,,,,,,,,,,,,,,,,,,,,,,,,,,,,,,,,,,,,,,,,,,,,,,
Kappa_PC1,,,,,,,,,,,,,,,,,,,,,,,,,0.7006662015135989,0.6932012113963734,-0.16893476425858953,,,,,,,,,,,,,,,,,,,,,,,,,,,,,,,,,,,,,,,,,,,,,,,,,,,,,,,,,,,,,,,,,,,,,,,,,,,,,,,,,,
Kappa_PC2,,,,,,,,,,,,,,,,,,,,,,,,,0.07414492160768917,0.1647487996356744,0.9835447949221193,,,,,,,,,,,,,,,,,,,,,,,,,,,,,,,,,,,,,,,,,,,,,,,,,,,,,,,,,,,,,,,,,,,,,,,,,,,,,,,,,,
Kappa_PC3,,,,,,,,,,,,,,,,,,,,,,,,,-0.7096262429309489,0.70166225032932,-0.06403656616731383,,,,,,,,,,,,,,,,,,,,,,,,,,,,,,,,,,,,,,,,,,,,,,,,,,,,,,,,,,,,,,,,,,,,,,,,,,,,,,,,,,
PEOE_VSA_PC1,,,,,,,,,,,,,,,,,,,,,,,,,,,,-0.25085415729959304,0.19491281234269042,0.4506666319824775,0.01891474587459932,0.3683345440311677,-0.13295940784397858,0.4516639290354149,0.4454316966737601,-0.20199920004362287,-0.22517985455210887,-0.04990211456670536,-0.21416092115369817,,,,,,,,,,,,,,,,,,,,,,,,,,,,,,,,,,,,,,,,,,,,,,,,,,,,,,,,,,,,,,,,,,,,,,
PEOE_VSA_PC2,,,,,,,,,,,,,,,,,,,,,,,,,,,,0.04289209697618164,-0.3859433424207863,0.2558805235331997,-0.47737265779912075,0.3208936067966827,0.07844652567516495,-0.1423358304195259,0.27725199322508925,0.3367300918960743,0.37819167651517144,0.2912626480537388,0.09134417306691084,,,,,,,,,,,,,,,,,,,,,,,,,,,,,,,,,,,,,,,,,,,,,,,,,,,,,,,,,,,,,,,,,,,,,,
PEOE_VSA_PC3,,,,,,,,,,,,,,,,,,,,,,,,,,,,0.39024971251728313,-0.05637011879182929,0.033954082401906255,-0.23604779440110302,0.056182690022039995,0.10113860094424877,-0.2257530590199145,-0.06686441900770829,-0.4563336878207155,-0.4414532098753267,0.49781297886505416,-0.260568977649392,,,,,,,,,,,,,,,,,,,,,,,,,,,,,,,,,,,,,,,,,,,,,,,,,,,,,,,,,,,,,,,,,,,,,,
PEOE_VSA_PC4,,,,,,,,,,,,,,,,,,,,,,,,,,,,-0.49896789116983764,-0.0869772251324206,0.013684574667270744,0.23783061781137804,-0.11267051872275799,0.5567710996694375,0.11137281934036,-0.16412767996111463,0.12424855147004871,0.07244303880170361,0.40160638191841075,-0.37777168990408383,,,,,,,,,,,,,,,,,,,,,,,,,,,,,,,,,,,,,,,,,,,,,,,,,,,,,,,,,,,,,,,,,,,,,,
PEOE_VSA_PC5,,,,,,,,,,,,,,,,,,,,,,,,,,,,-0.032381411080291266,-0.2558927859890472,-0.0681723224321665,0.19958524694493007,0.2410869232545842,0.5549490362348817,-0.024090827066320042,0.18328570283121082,-0.30679285383788,-0.16981991115750666,-0.15663105723581788,0.5841483461206998,,,,,,,,,,,,,,,,,,,,,,,,,,,,,,,,,,,,,,,,,,,,,,,,,,,,,,,,,,,,,,,,,,,,,,
PEOE_VSA_PC6,,,,,,,,,,,,,,,,,,,,,,,,,,,,0.33732613296473984,0.6730222042882125,-0.20335370766268163,0.08554546974708344,0.37673030071079194,0.35221691692650864,-0.10218820590086519,0.13450019662514884,0.20042079061638693,0.19413871253313722,0.02318718912216694,-0.10802892031614782,,,,,,,,,,,,,,,,,,,,,,,,,,,,,,,,,,,,,,,,,,,,,,,,,,,,,,,,,,,,,,,,,,,,,,
PEOE_VSA_PC7,,,,,,,,,,,,,,,,,,,,,,,,,,,,0.15509016715631332,-0.4363365382856711,-0.1578402548881467,0.5837705171997742,0.3720636931528472,-0.22199077554820687,-0.23966695640282995,0.1356010025565234,0.1297977396469458,-0.04448743685675166,-0.08068230090600426,-0.3619122899013911,,,,,,,,,,,,,,,,,,,,,,,,,,,,,,,,,,,,,,,,,,,,,,,,,,,,,,,,,,,,,,,,,,,,,,
PEOE_VSA_PC8,,,,,,,,,,,,,,,,,,,,,,,,,,,,0.29625506494062037,0.04926792819293099,0.18212642790321032,0.4372948303184902,-0.0984238171181884,-0.19057490922540404,0.34237189163783177,-0.02789613005497646,0.18067924393768997,0.021347047494774698,0.5675478238582002,0.4076700078907327,,,,,,,,,,,,,,,,,,,,,,,,,,,,,,,,,,,,,,,,,,,,,,,,,,,,,,,,,,,,,,,,,,,,,,
PEOE_VSA_PC9,,,,,,,,,,,,,,,,,,,,,,,,,,,,-0.16473467893853355,0.04595546317724006,-0.17368102104977196,-0.15459024758461387,0.07627940372412789,-0.013405376832183636,-0.05124195976060282,0.0338517946269193,0.6082543626435459,-0.7198244188435466,0.036699068453184505,0.1320985237398176,,,,,,,,,,,,,,,,,,,,,,,,,,,,,,,,,,,,,,,,,,,,,,,,,,,,,,,,,,,,,,,,,,,,,,
SMR_VSA_PC1,,,,,,,,,,,,,,,,,,,,,,,,,,,,,,,,,,,,,,,,-0.2028016147699012,-0.25723742875268707,0.40825541890427147,0.41697247364055057,-0.14319907045740943,-0.5405350707507289,0.4893646319110567,,,,,,,,,,,,,,,,,,,,,,,,,,,,,,,,,,,,,,,,,,,,,,,,,,,,,,,,,,,,,,,
SMR_VSA_PC2,,,,,,,,,,,,,,,,,,,,,,,,,,,,,,,,,,,,,,,,0.6666202962065708,0.6477859823102985,0.11948115114890279,0.08892769185382485,0.07627609217014612,-0.1597753321741151,0.28715957748494597,,,,,,,,,,,,,,,,,,,,,,,,,,,,,,,,,,,,,,,,,,,,,,,,,,,,,,,,,,,,,,,
SMR_VSA_PC3,,,,,,,,,,,,,,,,,,,,,,,,,,,,,,,,,,,,,,,,-0.16137630799951516,0.055086468207186774,0.35731821538087394,0.2141851920725789,0.8752512174592917,0.11906449674412971,-0.1308835995908567,,,,,,,,,,,,,,,,,,,,,,,,,,,,,,,,,,,,,,,,,,,,,,,,,,,,,,,,,,,,,,,
SMR_VSA_PC4,,,,,,,,,,,,,,,,,,,,,,,,,,,,,,,,,,,,,,,,-0.13255855118755394,-0.05243765672457105,-0.3591097806317859,-0.6026932223400762,0.38936330852639056,-0.3391502013011832,0.4699499151983833,,,,,,,,,,,,,,,,,,,,,,,,,,,,,,,,,,,,,,,,,,,,,,,,,,,,,,,,,,,,,,,
SMR_VSA_PC5,,,,,,,,,,,,,,,,,,,,,,,,,,,,,,,,,,,,,,,,-0.1205795758524308,0.10837294930673627,0.725874123985366,-0.5939702773044627,-0.19610235736576556,0.21763925385559865,0.09054808761046176,,,,,,,,,,,,,,,,,,,,,,,,,,,,,,,,,,,,,,,,,,,,,,,,,,,,,,,,,,,,,,,
SMR_VSA_PC6,,,,,,,,,,,,,,,,,,,,,,,,,,,,,,,,,,,,,,,,-0.6741997615888833,0.6853066913566814,-0.15604234287235394,0.14762292356115836,-0.1314572323417282,0.04839842592900592,0.10022109737007044,,,,,,,,,,,,,,,,,,,,,,,,,,,,,,,,,,,,,,,,,,,,,,,,,,,,,,,,,,,,,,,
SlogP_VSA_PC1,,,,,,,,,,,,,,,,,,,,,,,,,,,,,,,,,,,,,,,,,,,,,,,-0.34212329613370585,0.4727595812727443,-0.19660494386402919,0.4655018128975479,0.4044848497227883,-0.22187149190201222,-0.11799967242128567,-0.16730816821256125,0.3864630491760914,,,,,,,,,,,,,,,,,,,,,,,,,,,,,,,,,,,,,,,,,,,,,,,,,,,,,,
SlogP_VSA_PC2,,,,,,,,,,,,,,,,,,,,,,,,,,,,,,,,,,,,,,,,,,,,,,,-0.17384477616404634,-0.06865889578018072,0.3206415930714845,0.35980667728865173,-0.38488330976346985,-0.0718377537718018,0.47655543867070893,-0.5871731272935143,-0.0872862019912708,,,,,,,,,,,,,,,,,,,,,,,,,,,,,,,,,,,,,,,,,,,,,,,,,,,,,,
SlogP_VSA_PC3,,,,,,,,,,,,,,,,,,,,,,,,,,,,,,,,,,,,,,,,,,,,,,,-0.42615350360047605,-0.15512264973667642,-0.14131564803505708,-0.0882818306625239,-0.11728869223629669,0.7759289849799991,-0.010170127955821975,-0.07001054530847937,0.3817578105126286,,,,,,,,,,,,,,,,,,,,,,,,,,,,,,,,,,,,,,,,,,,,,,,,,,,,,,
SlogP_VSA_PC4,,,,,,,,,,,,,,,,,,,,,,,,,,,,,,,,,,,,,,,,,,,,,,,-0.12939888901278376,0.15118231269348445,0.6401341530194115,-0.1490689122803649,0.21520780569169162,-0.010845770880268174,0.4360977325887677,0.4482394148936614,0.30145435072441423,,,,,,,,,,,,,,,,,,,,,,,,,,,,,,,,,,,,,,,,,,,,,,,,,,,,,,
SlogP_VSA_PC5,,,,,,,,,,,,,,,,,,,,,,,,,,,,,,,,,,,,,,,,,,,,,,,-0.5130608750842078,-0.18387952006947297,0.4881461799061729,0.03038617127086246,0.026860851672961428,-0.090152808095768,-0.6113546487485696,-0.0018252249929055636,-0.28485079610638814,,,,,,,,,,,,,,,,,,,,,,,,,,,,,,,,,,,,,,,,,,,,,,,,,,,,,,
SlogP_VSA_PC6,,,,,,,,,,,,,,,,,,,,,,,,,,,,,,,,,,,,,,,,,,,,,,,0.5096706213594887,-0.22619036756076688,0.34050805672068357,0.018360182139599564,0.0350700748303803,-0.017262417521816877,-0.3542315650561336,-0.322532817606999,0.5845986837505954,,,,,,,,,,,,,,,,,,,,,,,,,,,,,,,,,,,,,,,,,,,,,,,,,,,,,,
SlogP_VSA_PC7,,,,,,,,,,,,,,,,,,,,,,,,,,,,,,,,,,,,,,,,,,,,,,,0.2641109999530652,0.681520729485995,0.2232927785945019,0.2063664847877557,-0.37781041826705103,0.369230560535875,-0.24017110516735707,0.12017116317640597,-0.14877129013126122,,,,,,,,,,,,,,,,,,,,,,,,,,,,,,,,,,,,,,,,,,,,,,,,,,,,,,
SlogP_VSA_PC8,,,,,,,,,,,,,,,,,,,,,,,,,,,,,,,,,,,,,,,,,,,,,,,-0.23099485224290453,0.07965537564591463,-0.14724907642868948,-0.21756924777275088,-0.6817322765050257,-0.4442773684430241,-0.10847147861158955,0.19952273620166847,0.3969396306864763,,,,,,,,,,,,,,,,,,,,,,,,,,,,,,,,,,,,,,,,,,,,,,,,,,,,,,
EState_VSA_PC1,,,,,,,,,,,,,,,,,,,,,,,,,,,,,,,,,,,,,,,,,,,,,,,,,,,,,,,,0.5730648066037297,0.5995627392541607,-0.26820730818537,-0.15981919092624,0.08019285085480869,0.013453142371177135,-0.10805750479107716,-0.14898724168714675,0.16527667377358016,-0.3831997304137372,,,,,,,,,,,,,,,,,,,,,,,,,,,,,,,,,,,,,,,,,,,,
EState_VSA_PC2,,,,,,,,,,,,,,,,,,,,,,,,,,,,,,,,,,,,,,,,,,,,,,,,,,,,,,,,0.13758265805155956,0.16622995350315634,0.054401544959155106,0.330455623935448,0.35428245289679966,-0.5285070388932418,-0.35181264806272317,0.4078655050895831,-0.3593152580914158,0.13118138744057964,,,,,,,,,,,,,,,,,,,,,,,,,,,,,,,,,,,,,,,,,,,,
EState_VSA_PC3,,,,,,,,,,,,,,,,,,,,,,,,,,,,,,,,,,,,,,,,,,,,,,,,,,,,,,,,0.18692989085682757,0.15499252510398068,0.48569433805796663,0.4459280357685043,0.09527397273997915,0.32108597010666856,0.5207830843851388,0.1514226369702356,-0.18345021932610533,-0.2575122927933952,,,,,,,,,,,,,,,,,,,,,,,,,,,,,,,,,,,,,,,,,,,,
EState_VSA_PC4,,,,,,,,,,,,,,,,,,,,,,,,,,,,,,,,,,,,,,,,,,,,,,,,,,,,,,,,0.152691151292815,0.05179135809933258,-0.4283094329872071,0.23913079123443787,0.3377415913689756,0.23553907382966732,0.23342859069354657,-0.3673790095864748,-0.21195925309405345,0.5739682529459111,,,,,,,,,,,,,,,,,,,,,,,,,,,,,,,,,,,,,,,,,,,,
EState_VSA_PC5,,,,,,,,,,,,,,,,,,,,,,,,,,,,,,,,,,,,,,,,,,,,,,,,,,,,,,,,-0.12526621138116362,-0.07737244247780427,0.32883257833105833,0.18062835963242543,0.5788249864428185,-0.11865965138294353,-0.14787357003288187,-0.3880409763633006,0.5585508501491276,-0.0634388721956764,,,,,,,,,,,,,,,,,,,,,,,,,,,,,,,,,,,,,,,,,,,,
EState_VSA_PC6,,,,,,,,,,,,,,,,,,,,,,,,,,,,,,,,,,,,,,,,,,,,,,,,,,,,,,,,0.15549512335146773,0.11226786780582677,0.20556199076944048,0.5039433421229014,-0.5849614983490212,0.04914187839962845,-0.41410506582555434,-0.3203153612761364,0.07439968120258234,0.20685125287239714,,,,,,,,,,,,,,,,,,,,,,,,,,,,,,,,,,,,,,,,,,,,
EState_VSA_PC7,,,,,,,,,,,,,,,,,,,,,,,,,,,,,,,,,,,,,,,,,,,,,,,,,,,,,,,,0.04037891758977398,-0.008183075360586881,-0.34941263447683313,0.3429456572271087,-0.10384548647290613,0.000978534240273256,0.18441332841833233,0.5279626742266663,0.6429061790477976,0.14743001263702604,,,,,,,,,,,,,,,,,,,,,,,,,,,,,,,,,,,,,,,,,,,,
EState_VSA_PC8,,,,,,,,,,,,,,,,,,,,,,,,,,,,,,,,,,,,,,,,,,,,,,,,,,,,,,,,0.35579980364262226,0.14688900348078276,0.476350955935653,-0.44258602371583533,-0.04376976464091782,-0.09582370533794832,0.14804584303866622,0.12966437584346888,0.18385843962067827,0.5877118138593255,,,,,,,,,,,,,,,,,,,,,,,,,,,,,,,,,,,,,,,,,,,,
VSA_EState_PC1,,,,,,,,,,,,,,,,,,,,,,,,,,,,,,,,,,,,,,,,,,,,,,,,,,,,,,,,,,,,,,,,,,0.5104711628585689,-0.3024898824447171,-0.3875305947290364,-0.4878634816468175,0.04783673888853428,-0.010028125796208973,-0.12772893564581528,0.031831571095734174,-0.4899096626100539,,,,,,,,,,,,,,,,,,,,,,,,,,,,,,,,,,,
VSA_EState_PC2,,,,,,,,,,,,,,,,,,,,,,,,,,,,,,,,,,,,,,,,,,,,,,,,,,,,,,,,,,,,,,,,,,0.18176342930947775,-0.10638048716089768,-0.0018314109396862996,0.13283129261502954,-0.3401478663612911,0.1792866406758914,-0.6082270603134027,-0.614634028067128,0.20600564429832607,,,,,,,,,,,,,,,,,,,,,,,,,,,,,,,,,,,
VSA_EState_PC3,,,,,,,,,,,,,,,,,,,,,,,,,,,,,,,,,,,,,,,,,,,,,,,,,,,,,,,,,,,,,,,,,,0.18298901125110537,0.4761812864471121,-0.1754565255724333,0.05478801302584749,-0.4886808594872307,-0.5865740811780561,-0.20064398105097359,0.2873715069031562,0.016160452060927477,,,,,,,,,,,,,,,,,,,,,,,,,,,,,,,,,,,
VSA_EState_PC4,,,,,,,,,,,,,,,,,,,,,,,,,,,,,,,,,,,,,,,,,,,,,,,,,,,,,,,,,,,,,,,,,,-0.024078167533826866,0.03247051852182189,-0.26999238287156596,0.08985390452925515,-0.650940208281497,0.558631145618884,0.4033272148508388,0.09980677588575763,-0.09471087552255607,,,,,,,,,,,,,,,,,,,,,,,,,,,,,,,,,,,
VSA_EState_PC5,,,,,,,,,,,,,,,,,,,,,,,,,,,,,,,,,,,,,,,,,,,,,,,,,,,,,,,,,,,,,,,,,,0.14514537071021172,0.2994892697518644,0.06104522988118567,0.09460288545820106,0.22321809273981819,0.5301271600282839,-0.5032223591994943,0.540802812022077,0.001107077810870244,,,,,,,,,,,,,,,,,,,,,,,,,,,,,,,,,,,
VSA_EState_PC6,,,,,,,,,,,,,,,,,,,,,,,,,,,,,,,,,,,,,,,,,,,,,,,,,,,,,,,,,,,,,,,,,,0.06074720781875578,0.6295535315816653,0.41273238482130326,-0.419452821057924,-0.008094015193884793,0.14640068409022244,0.1267414457389334,-0.3597887929296319,-0.29440345458528044,,,,,,,,,,,,,,,,,,,,,,,,,,,,,,,,,,,
VSA_EState_PC7,,,,,,,,,,,,,,,,,,,,,,,,,,,,,,,,,,,,,,,,,,,,,,,,,,,,,,,,,,,,,,,,,,0.12524500628449547,-0.4218133727799275,0.7406052475800462,-0.11714945816919017,-0.3758966875814511,-0.05937488369097705,-0.054171416146697945,0.2999867897809214,-0.08010446762795581,,,,,,,,,,,,,,,,,,,,,,,,,,,,,,,,,,,
MolWt_PC1,,,,,,,,,,,,,,,,,,,,,,,,,,,,,,,,,,,,,,,,,,,,,,,,,,,,,,,,,,,,,,,,,,,,,,,,,,,0.5775847986440634,0.5768793172445983,0.5775864036754188,,,,,,,,,,,,,,,,,,,,,,,,,,,,,,,,
PartialCharge_PC1,,,,,,,,,,,,,,,,,,,,,,,,,,,,,,,,,,,,,,,,,,,,,,,,,,,,,,,,,,,,,,,,,,,,,,,,,,,,,,-0.513901939330236,-0.5378791020421314,0.43198946900106827,-0.509878384530221,,,,,,,,,,,,,,,,,,,,,,,,,,,,
PartialCharge_PC2,,,,,,,,,,,,,,,,,,,,,,,,,,,,,,,,,,,,,,,,,,,,,,,,,,,,,,,,,,,,,,,,,,,,,,,,,,,,,,0.4794714038091971,-0.42677679638305843,0.6010242444518819,0.47617076409550374,,,,,,,,,,,,,,,,,,,,,,,,,,,,
FpDensityMorgan_PC1,,,,,,,,,,,,,,,,,,,,,,,,,,,,,,,,,,,,,,,,,,,,,,,,,,,,,,,,,,,,,,,,,,,,,,,,,,,,,,,,,,-0.5689174325352659,-0.5929648800251387,-0.5698470022859242,,,,,,,,,,,,,,,,,,,,,,,,,
FpDensityMorgan_PC2,,,,,,,,,,,,,,,,,,,,,,,,,,,,,,,,,,,,,,,,,,,,,,,,,,,,,,,,,,,,,,,,,,,,,,,,,,,,,,,,,,0.7138475837236888,-0.011998056924615752,-0.7001983103677732,,,,,,,,,,,,,,,,,,,,,,,,,
Molecular_Features_PC1,,,,,,,,,,,,,,,,,,,,,,,,,,,,,,,,,,,,,,,,,,,,,,,,,,,,,,,,,,,,,,,,,,,,,,,,,,,,,,,,,,,,,-0.07130964457736422,-0.0854591558256497,0.09248652220445211,-0.023818010994423724,0.4360332194875395,0.42949166290804025,-0.32172587837749744,-0.32648349201521754,-0.02665304785758419,0.0941001885122485,-0.05754734232561521,-0.08119865365678194,0.4370698755147978,0.42799586079023433,0.011084363741705726,,,,,,,,,,
Molecular_Features_PC2,,,,,,,,,,,,,,,,,,,,,,,,,,,,,,,,,,,,,,,,,,,,,,,,,,,,,,,,,,,,,,,,,,,,,,,,,,,,,,,,,,,,,0.44189789194206003,0.4429877743195979,-0.23185768124672448,0.34671886920889816,0.08518956821863881,0.10137521749566111,-0.021181017680743368,-0.005367659177464141,0.3478560848969034,-0.20621936286166442,0.4100382110811133,0.24688826855453982,0.0857751744321288,0.10230445674310473,0.07788110308428586,,,,,,,,,,
Molecular_Features_PC3,,,,,,,,,,,,,,,,,,,,,,,,,,,,,,,,,,,,,,,,,,,,,,,,,,,,,,,,,,,,,,,,,,,,,,,,,,,,,,,,,,,,,0.19106849740392484,0.16006811473423402,0.31980197940177585,-0.0339479516598357,-0.13061279456157465,-0.15899035096039857,-0.3758111276189583,-0.3769359672121164,-0.003990996536166469,0.31785729517338907,0.019286101368822486,0.30112961155738127,-0.12456838623568527,-0.15418167351428747,-0.5266910304570881,,,,,,,,,,
Molecular_Features_PC4,,,,,,,,,,,,,,,,,,,,,,,,,,,,,,,,,,,,,,,,,,,,,,,,,,,,,,,,,,,,,,,,,,,,,,,,,,,,,,,,,,,,,-0.18727700209472764,-0.19127981793341192,0.3573705742581437,0.4904886602129593,-0.053921369826959935,-0.018338750905662067,0.08457717425450512,0.03277516129220889,0.46836746547901176,0.3662006031450417,0.23362504122307837,-0.3719520869250032,-0.04211312048028939,-0.005403982241556811,0.019299529145535167,,,,,,,,,,
Molecular_Features_PC5,,,,,,,,,,,,,,,,,,,,,,,,,,,,,,,,,,,,,,,,,,,,,,,,,,,,,,,,,,,,,,,,,,,,,,,,,,,,,,,,,,,,,0.19138733336583863,0.2195277502981601,0.41118385954108366,-0.1006998887946843,0.019982819748307297,0.13447965675573248,0.1868529686474472,0.3061553986901515,-0.05769529770894562,0.4490580881168981,-0.2113572552979452,0.36989248644360884,0.003381445035378994,0.12474197352578005,0.43219245876689905,,,,,,,,,,
Molecular_Features_PC6,,,,,,,,,,,,,,,,,,,,,,,,,,,,,,,,,,,,,,,,,,,,,,,,,,,,,,,,,,,,,,,,,,,,,,,,,,,,,,,,,,,,,0.1707690033813277,0.14918509147852188,0.1457693822305042,-0.28314462491461867,-0.010651515876240787,0.005003660003793338,0.06212731083018922,0.02856729067049713,-0.4631196358510157,0.14999372963220517,0.6703292430587698,-0.3924697911953088,0.01162652383906987,0.026404704415123652,0.03411229525303328,,,,,,,,,,
Functional_Groups_PC1,,,,,,,,,,,,,,,,,,,,,,,,,,,,,,,,,,,,,,,,,,,,,,,,,,,,,,,,,,,,,,,,,,,,,,,,,,,,,,,,,,,,,,,,,,,,,,,,,,,,0.5071290067882132,0.3255958282670056,0.012160433701081018,0.47909073300069377,-0.06343520879029418,0.02671749811715811,0.47182231394084156,-0.4197213472959713,0.010467304597385516,-0.05917770103938066
Functional_Groups_PC2,,,,,,,,,,,,,,,,,,,,,,,,,,,,,,,,,,,,,,,,,,,,,,,,,,,,,,,,,,,,,,,,,,,,,,,,,,,,,,,,,,,,,,,,,,,,,,,,,,,,-0.027386404809998315,0.11486075996118689,0.583495989248449,-0.047814989056339866,0.21585790207614944,0.5656582525066692,-0.003505508839419018,0.04164384831307561,0.518638593370281,-0.07750333063794859
Functional_Groups_PC3,,,,,,,,,,,,,,,,,,,,,,,,,,,,,,,,,,,,,,,,,,,,,,,,,,,,,,,,,,,,,,,,,,,,,,,,,,,,,,,,,,,,,,,,,,,,,,,,,,,,-0.018553610881239406,-0.18981248651868002,0.12973504179485923,0.005642043459437515,-0.3464897248980539,0.14607787555014198,-0.09462437246882556,-0.3207611326011392,0.02998974818646326,0.832243494133062
Functional_Groups_PC4,,,,,,,,,,,,,,,,,,,,,,,,,,,,,,,,,,,,,,,,,,,,,,,,,,,,,,,,,,,,,,,,,,,,,,,,,,,,,,,,,,,,,,,,,,,,,,,,,,,,0.09320103041943828,0.2182643078774656,-0.15084977682377831,-0.19603187381576814,0.7990675074612779,-0.19227939930924884,0.09672585093527744,-0.031183132768215008,0.05429541172065948,0.4401517812012216
Functional_Groups_PC5,,,,,,,,,,,,,,,,,,,,,,,,,,,,,,,,,,,,,,,,,,,,,,,,,,,,,,,,,,,,,,,,,,,,,,,,,,,,,,,,,,,,,,,,,,,,,,,,,,,,-0.13420912698146878,0.7958029042286279,-0.10084098763193938,-0.19614352123009576,-0.32016112624851045,-0.197436097102219,-0.2870560072959317,-0.056445307975066944,0.2681286041014997,0.032865338806342445
Functional_Groups_PC6,,,,,,,,,,,,,,,,,,,,,,,,,,,,,,,,,,,,,,,,,,,,,,,,,,,,,,,,,,,,,,,,,,,,,,,,,,,,,,,,,,,,,,,,,,,,,,,,,,,,0.13312543012086964,0.2691160191243359,0.15708527743682366,0.055488658731263234,-0.1643697414263086,0.11433568568961794,0.3021224161265742,0.7610645342979723,-0.29630437292625444,0.28933698423182774
Functional_Groups_PC7,,,,,,,,,,,,,,,,,,,,,,,,,,,,,,,,,,,,,,,,,,,,,,,,,,,,,,,,,,,,,,,,,,,,,,,,,,,,,,,,,,,,,,,,,,,,,,,,,,,,-0.06620590372040537,0.2736277517616007,0.22326244685082944,-0.0838062756998725,0.15556904596608548,0.33592133362852206,-0.28571207330561016,-0.28701393427560085,-0.7455264914872014,-0.08373776028904528
